MacBook,For more information visit our website,1,1299,https://www.apple.com/v/macbook/g/images/overview/hero_large_2x.jpg,https://www.apple.com/macbook/
MacBook Air,For more information visit our website,1,999,https://www.apple.com/macbook-air/site/buystrip/hero/image_large_2x.jpg,https://www.apple.com/macbook-air/
MacBook Pro,For more information visit our website,1,1299,https://www.apple.com/v/macbook-pro/p/images/overview/hero/hero_fallback_medium_2x.jpg,https://www.apple.com/macbook-pro/
iMac,For more information visit our website,1,1049,https://images.apple.com/v/imac/e/images/shared/buystrip_hero_large_2x.png,https://www.apple.com/imac/
iMac Pro,For more information visit our website,1,4999,https://www.apple.com/v/imac-pro/b/images/shared/footer_hero_large_2x.jpg,https://www.apple.com/imac-pro/
Mac Pro,For more information visit our website,1,2999,https://www.apple.com/v/mac-pro/home/b/images/stills/desktop/macpro_00090.jpg,https://www.apple.com/mac-pro/
Mac mini,For more information visit our website,1,499,https://images.apple.com/v/mac-mini/d/images/overview/design_hero_image_medium_2x.png,https://www.apple.com/mac-mini/
iPad Pro,For more information visit our website,2,799,https://www.apple.com/v/ipad-pro/n/images/overview/pencil_slide_1_small_2x.jpg,https://www.apple.com/ipad-pro/
iPad,For more information visit our website,2,329,https://www.apple.com/v/ipad/home/ah/images/home/hero_medium_2x.jpg,https://www.apple.com/ipad/
iPad mini 4,For more information visit our website,2,399,https://images.apple.com/v/ipad-mini-4/j/images/overview/apps_medium_2x.jpg,https://www.apple.com/ipad-mini-4/
iPhone X,For more information visit our website,3,999,https://www.apple.com/v/ios/what-is/d/images/overview/iphone_x_hero_large_2x.png,https://www.apple.com/iphone-x/
iPhone 8,For more information visit our website,3,699,https://www.apple.com/v/iphone-8/d/images/overview/primary/design_water_small_2x.jpg,https://www.apple.com/iphone-8/
iPhone 7,For more information visit our website,3,549,https://store.storeimages.cdn-apple.com/4981/as-images.apple.com/is/image/AppleInc/aos/published/images/i/ph/iphone7/gallery6/iphone7-gallery6-2016?wid=1670&hei=1282&fmt=jpeg&qlt=80&op_usm=0.5,0.5&.v=1473278890397,https://www.apple.com/iphone-7/
iPhone 6s,For more information visit our website,3,449,https://store.storeimages.cdn-apple.com/4981/as-images.apple.com/is/image/AppleInc/aos/published/images/i/ph/iphone6s/gallery3/iphone6s-gallery3-2015?wid=4000&hei=3072&fmt=jpeg&qlt=80&op_usm=0.5,0.5&.v=0,https://www.apple.com/iphone-6s/
iPhone SE,For more information visit our website,3,349,https://images.apple.com/v/iphone-se/d/images/overview/hero_space_grey_small_2x.png,https://www.apple.com/iphone-SE/
Apple Watch Series 3,For more information visit our website,4,329,https://www.apple.com/v/watch/compare-strip/g/images/series_3_footer_medium_2x.jpg,https://www.apple.com/apple-watch-series-3/
Apple Watch Nike+,For more information visit our website,4,329,https://www.apple.com/v/watch/compare-strip/g/images/series_3_nike_footer_medium_2x.jpg,https://www.apple.com/apple-watch-nike/
Apple Watch Hermes,For more information visit our website,4,1149,https://www.apple.com/v/watch/compare-strip/g/images/series_3_hermes_footer_medium_2x.jpg,https://www.apple.com/apple-watch-hermes/
Apple Watch Edition,For more information visit our website,4,1299,https://www.apple.com/v/watch/compare-strip/g/images/series_3_edition_footer_medium_2x.jpg,https://www.apple.com/apple-watch-edition/
Apple Watch Series 1,For more information visit our website,4,249,https://www.apple.com/v/watch/compare-strip/g/images/series_1_footer_medium_2x.jpg,https://www.apple.com/apple-watch-series-1/
Apple TV 4k,For more information visit our website,5,179,https://www.apple.com/v/apple-tv-4k/c/images/overview/compare_footer_medium_2x.jpg,https://www.apple.com/apple-tv-4k/
Apple TV,For more information visit our website,5,149,https://www.apple.com/v/apple-tv-4k/c/images/overview/compare_footer_medium_2x.jpg,https://www.apple.com/apple-watch-tv/
